<?xml version="1.0" encoding="UTF-8"?>
<table><row><Col1 name='欄位1'>100</Col1><Col2 name='欄位2'>臺北市中正區</Col2><Col3 name='欄位3'>Zhongzheng Dist., Taipei City</Col3></row><row><Col1 name='欄位1'>103</Col1><Col2 name='欄位2'>臺北市大同區</Col2><Col3 name='欄位3'>Datong Dist., Taipei City</Col3></row><row><Col1 name='欄位1'>104</Col1><Col2 name='欄位2'>臺北市中山區</Col2><Col3 name='欄位3'>Zhongshan Dist., Taipei City</Col3></row><row><Col1 name='欄位1'>105</Col1><Col2 name='欄位2'>臺北市松山區</Col2><Col3 name='欄位3'>Songshan Dist., Taipei City</Col3></row><row><Col1 name='欄位1'>106</Col1><Col2 name='欄位2'>臺北市大安區</Col2><Col3 name='欄位3'>Da’an Dist., Taipei City</Col3></row><row><Col1 name='欄位1'>108</Col1><Col2 name='欄位2'>臺北市萬華區</Col2><Col3 name='欄位3'>Wanhua Dist., Taipei City</Col3></row><row><Col1 name='欄位1'>110</Col1><Col2 name='欄位2'>臺北市信義區</Col2><Col3 name='欄位3'>Xinyi Dist., Taipei City</Col3></row><row><Col1 name='欄位1'>111</Col1><Col2 name='欄位2'>臺北市士林區</Col2><Col3 name='欄位3'>Shilin Dist., Taipei City</Col3></row><row><Col1 name='欄位1'>112</Col1><Col2 name='欄位2'>臺北市北投區</Col2><Col3 name='欄位3'>Beitou Dist., Taipei City</Col3></row><row><Col1 name='欄位1'>114</Col1><Col2 name='欄位2'>臺北市內湖區</Col2><Col3 name='欄位3'>Neihu Dist., Taipei City</Col3></row><row><Col1 name='欄位1'>115</Col1><Col2 name='欄位2'>臺北市南港區</Col2><Col3 name='欄位3'>Nangang Dist., Taipei City</Col3></row><row><Col1 name='欄位1'>116</Col1><Col2 name='欄位2'>臺北市文山區</Col2><Col3 name='欄位3'>Wenshan Dist., Taipei City</Col3></row><row><Col1 name='欄位1'>200</Col1><Col2 name='欄位2'>基隆市仁愛區</Col2><Col3 name='欄位3'>Ren’ai Dist., Keelung City</Col3></row><row><Col1 name='欄位1'>201</Col1><Col2 name='欄位2'>基隆市信義區</Col2><Col3 name='欄位3'>Xinyi Dist., Keelung City</Col3></row><row><Col1 name='欄位1'>202</Col1><Col2 name='欄位2'>基隆市中正區</Col2><Col3 name='欄位3'>Zhongzheng Dist., Keelung City</Col3></row><row><Col1 name='欄位1'>203</Col1><Col2 name='欄位2'>基隆市中山區</Col2><Col3 name='欄位3'>Zhongshan Dist., Keelung City</Col3></row><row><Col1 name='欄位1'>204</Col1><Col2 name='欄位2'>基隆市安樂區</Col2><Col3 name='欄位3'>Anle Dist., Keelung City</Col3></row><row><Col1 name='欄位1'>205</Col1><Col2 name='欄位2'>基隆市暖暖區</Col2><Col3 name='欄位3'>Nuannuan Dist., Keelung City</Col3></row><row><Col1 name='欄位1'>206</Col1><Col2 name='欄位2'>基隆市七堵區</Col2><Col3 name='欄位3'>Qidu Dist., Keelung City</Col3></row><row><Col1 name='欄位1'>207</Col1><Col2 name='欄位2'>新北市萬里區</Col2><Col3 name='欄位3'>Wanli Dist., New Taipei City</Col3></row><row><Col1 name='欄位1'>208</Col1><Col2 name='欄位2'>新北市金山區</Col2><Col3 name='欄位3'>Jinshan Dist., New Taipei City</Col3></row><row><Col1 name='欄位1'>209</Col1><Col2 name='欄位2'>連江縣南竿鄉</Col2><Col3 name='欄位3'>Nangan Township, Lienchiang County</Col3></row><row><Col1 name='欄位1'>210</Col1><Col2 name='欄位2'>連江縣北竿鄉</Col2><Col3 name='欄位3'>Beigan Township, Lienchiang County</Col3></row><row><Col1 name='欄位1'>211</Col1><Col2 name='欄位2'>連江縣莒光鄉</Col2><Col3 name='欄位3'>Juguang Township, Lienchiang County</Col3></row><row><Col1 name='欄位1'>212</Col1><Col2 name='欄位2'>連江縣東引鄉</Col2><Col3 name='欄位3'>Dongyin Township, Lienchiang County</Col3></row><row><Col1 name='欄位1'>220</Col1><Col2 name='欄位2'>新北市板橋區</Col2><Col3 name='欄位3'>Banqiao Dist., New Taipei City</Col3></row><row><Col1 name='欄位1'>221</Col1><Col2 name='欄位2'>新北市汐止區</Col2><Col3 name='欄位3'>Xizhi Dist., New Taipei City</Col3></row><row><Col1 name='欄位1'>222</Col1><Col2 name='欄位2'>新北市深坑區</Col2><Col3 name='欄位3'>Shenkeng Dist., New Taipei City</Col3></row><row><Col1 name='欄位1'>223</Col1><Col2 name='欄位2'>新北市石碇區</Col2><Col3 name='欄位3'>Shiding Dist., New Taipei City</Col3></row><row><Col1 name='欄位1'>224</Col1><Col2 name='欄位2'>新北市瑞芳區</Col2><Col3 name='欄位3'>Ruifang Dist., New Taipei City</Col3></row><row><Col1 name='欄位1'>226</Col1><Col2 name='欄位2'>新北市平溪區</Col2><Col3 name='欄位3'>Pingxi Dist., New Taipei City</Col3></row><row><Col1 name='欄位1'>227</Col1><Col2 name='欄位2'>新北市雙溪區</Col2><Col3 name='欄位3'>Shuangxi Dist., New Taipei City</Col3></row><row><Col1 name='欄位1'>228</Col1><Col2 name='欄位2'>新北市貢寮區</Col2><Col3 name='欄位3'>Gongliao Dist., New Taipei City</Col3></row><row><Col1 name='欄位1'>231</Col1><Col2 name='欄位2'>新北市新店區</Col2><Col3 name='欄位3'>Xindian Dist., New Taipei City</Col3></row><row><Col1 name='欄位1'>232</Col1><Col2 name='欄位2'>新北市坪林區</Col2><Col3 name='欄位3'>Pinglin Dist., New Taipei City</Col3></row><row><Col1 name='欄位1'>233</Col1><Col2 name='欄位2'>新北市烏來區</Col2><Col3 name='欄位3'>Wulai Dist., New Taipei City</Col3></row><row><Col1 name='欄位1'>234</Col1><Col2 name='欄位2'>新北市永和區</Col2><Col3 name='欄位3'>Yonghe Dist., New Taipei City</Col3></row><row><Col1 name='欄位1'>235</Col1><Col2 name='欄位2'>新北市中和區</Col2><Col3 name='欄位3'>Zhonghe Dist., New Taipei City</Col3></row><row><Col1 name='欄位1'>236</Col1><Col2 name='欄位2'>新北市土城區</Col2><Col3 name='欄位3'>Tucheng Dist., New Taipei City</Col3></row><row><Col1 name='欄位1'>237</Col1><Col2 name='欄位2'>新北市三峽區</Col2><Col3 name='欄位3'>Sanxia Dist., New Taipei City</Col3></row><row><Col1 name='欄位1'>238</Col1><Col2 name='欄位2'>新北市樹林區</Col2><Col3 name='欄位3'>Shulin Dist., New Taipei City</Col3></row><row><Col1 name='欄位1'>239</Col1><Col2 name='欄位2'>新北市鶯歌區</Col2><Col3 name='欄位3'>Yingge Dist., New Taipei City</Col3></row><row><Col1 name='欄位1'>241</Col1><Col2 name='欄位2'>新北市三重區</Col2><Col3 name='欄位3'>Sanchong Dist., New Taipei City</Col3></row><row><Col1 name='欄位1'>242</Col1><Col2 name='欄位2'>新北市新莊區</Col2><Col3 name='欄位3'>Xinzhuang Dist., New Taipei City</Col3></row><row><Col1 name='欄位1'>243</Col1><Col2 name='欄位2'>新北市泰山區</Col2><Col3 name='欄位3'>Taishan Dist., New Taipei City</Col3></row><row><Col1 name='欄位1'>244</Col1><Col2 name='欄位2'>新北市林口區</Col2><Col3 name='欄位3'>Linkou Dist., New Taipei City</Col3></row><row><Col1 name='欄位1'>247</Col1><Col2 name='欄位2'>新北市蘆洲區</Col2><Col3 name='欄位3'>Luzhou Dist., New Taipei City</Col3></row><row><Col1 name='欄位1'>248</Col1><Col2 name='欄位2'>新北市五股區</Col2><Col3 name='欄位3'>Wugu Dist., New Taipei City</Col3></row><row><Col1 name='欄位1'>249</Col1><Col2 name='欄位2'>新北市八里區</Col2><Col3 name='欄位3'>Bali Dist., New Taipei City</Col3></row><row><Col1 name='欄位1'>251</Col1><Col2 name='欄位2'>新北市淡水區</Col2><Col3 name='欄位3'>Tamsui Dist., New Taipei City</Col3></row><row><Col1 name='欄位1'>252</Col1><Col2 name='欄位2'>新北市三芝區</Col2><Col3 name='欄位3'>Sanzhi Dist., New Taipei City</Col3></row><row><Col1 name='欄位1'>253</Col1><Col2 name='欄位2'>新北市石門區</Col2><Col3 name='欄位3'>Shimen Dist., New Taipei City</Col3></row><row><Col1 name='欄位1'>260</Col1><Col2 name='欄位2'>宜蘭縣宜蘭市</Col2><Col3 name='欄位3'>Yilan City, Yilan County</Col3></row><row><Col1 name='欄位1'>261</Col1><Col2 name='欄位2'>宜蘭縣頭城鎮</Col2><Col3 name='欄位3'>Toucheng Township, Yilan County</Col3></row><row><Col1 name='欄位1'>262</Col1><Col2 name='欄位2'>宜蘭縣礁溪鄉</Col2><Col3 name='欄位3'>Jiaoxi Township, Yilan County</Col3></row><row><Col1 name='欄位1'>263</Col1><Col2 name='欄位2'>宜蘭縣壯圍鄉</Col2><Col3 name='欄位3'>Zhuangwei Township, Yilan County</Col3></row><row><Col1 name='欄位1'>264</Col1><Col2 name='欄位2'>宜蘭縣員山鄉</Col2><Col3 name='欄位3'>Yuanshan Township, Yilan County</Col3></row><row><Col1 name='欄位1'>265</Col1><Col2 name='欄位2'>宜蘭縣羅東鎮</Col2><Col3 name='欄位3'>Luodong Township, Yilan County</Col3></row><row><Col1 name='欄位1'>266</Col1><Col2 name='欄位2'>宜蘭縣三星鄉</Col2><Col3 name='欄位3'>Sanxing Township, Yilan County</Col3></row><row><Col1 name='欄位1'>267</Col1><Col2 name='欄位2'>宜蘭縣大同鄉</Col2><Col3 name='欄位3'>Datong Township, Yilan County</Col3></row><row><Col1 name='欄位1'>268</Col1><Col2 name='欄位2'>宜蘭縣五結鄉</Col2><Col3 name='欄位3'>Wujie Township, Yilan County</Col3></row><row><Col1 name='欄位1'>269</Col1><Col2 name='欄位2'>宜蘭縣冬山鄉</Col2><Col3 name='欄位3'>Dongshan Township, Yilan County</Col3></row><row><Col1 name='欄位1'>270</Col1><Col2 name='欄位2'>宜蘭縣蘇澳鎮</Col2><Col3 name='欄位3'>Su’ao Township, Yilan County</Col3></row><row><Col1 name='欄位1'>272</Col1><Col2 name='欄位2'>宜蘭縣南澳鄉</Col2><Col3 name='欄位3'>Nan’ao Township, Yilan County</Col3></row><row><Col1 name='欄位1'>290</Col1><Col2 name='欄位2'>釣魚台</Col2><Col3 name='欄位3'>Diaoyutai</Col3></row><row><Col1 name='欄位1'>300</Col1><Col2 name='欄位2'>新竹市東區</Col2><Col3 name='欄位3'>East Dist., Hsinchu City</Col3></row><row><Col1 name='欄位1'>300</Col1><Col2 name='欄位2'>新竹市北區</Col2><Col3 name='欄位3'>North Dist., Hsinchu City</Col3></row><row><Col1 name='欄位1'>300</Col1><Col2 name='欄位2'>新竹市香山區</Col2><Col3 name='欄位3'>Xiangshan Dist., Hsinchu City</Col3></row><row><Col1 name='欄位1'>302</Col1><Col2 name='欄位2'>新竹縣竹北市</Col2><Col3 name='欄位3'>Zhubei City, Hsinchu County</Col3></row><row><Col1 name='欄位1'>303</Col1><Col2 name='欄位2'>新竹縣湖口鄉</Col2><Col3 name='欄位3'>Hukou Township, Hsinchu County</Col3></row><row><Col1 name='欄位1'>304</Col1><Col2 name='欄位2'>新竹縣新豐鄉</Col2><Col3 name='欄位3'>Xinfeng Township, Hsinchu County</Col3></row><row><Col1 name='欄位1'>305</Col1><Col2 name='欄位2'>新竹縣新埔鎮</Col2><Col3 name='欄位3'>Xinpu Township, Hsinchu County</Col3></row><row><Col1 name='欄位1'>306</Col1><Col2 name='欄位2'>新竹縣關西鎮</Col2><Col3 name='欄位3'>Guanxi Township, Hsinchu County</Col3></row><row><Col1 name='欄位1'>307</Col1><Col2 name='欄位2'>新竹縣芎林鄉</Col2><Col3 name='欄位3'>Qionglin Township, Hsinchu County</Col3></row><row><Col1 name='欄位1'>308</Col1><Col2 name='欄位2'>新竹縣寶山鄉</Col2><Col3 name='欄位3'>Baoshan Township, Hsinchu County</Col3></row><row><Col1 name='欄位1'>310</Col1><Col2 name='欄位2'>新竹縣竹東鎮</Col2><Col3 name='欄位3'>Zhudong Township, Hsinchu County</Col3></row><row><Col1 name='欄位1'>311</Col1><Col2 name='欄位2'>新竹縣五峰鄉</Col2><Col3 name='欄位3'>Wufeng Township, Hsinchu County</Col3></row><row><Col1 name='欄位1'>312</Col1><Col2 name='欄位2'>新竹縣橫山鄉</Col2><Col3 name='欄位3'>Hengshan Township, Hsinchu County</Col3></row><row><Col1 name='欄位1'>313</Col1><Col2 name='欄位2'>新竹縣尖石鄉</Col2><Col3 name='欄位3'>Jianshi Township, Hsinchu County</Col3></row><row><Col1 name='欄位1'>314</Col1><Col2 name='欄位2'>新竹縣北埔鄉</Col2><Col3 name='欄位3'>Beipu Township, Hsinchu County</Col3></row><row><Col1 name='欄位1'>315</Col1><Col2 name='欄位2'>新竹縣峨眉鄉</Col2><Col3 name='欄位3'>Emei Township, Hsinchu County</Col3></row><row><Col1 name='欄位1'>320</Col1><Col2 name='欄位2'>桃園市中壢區</Col2><Col3 name='欄位3'>Zhongli Dist., Taoyuan City</Col3></row><row><Col1 name='欄位1'>324</Col1><Col2 name='欄位2'>桃園市平鎮區</Col2><Col3 name='欄位3'>Pingzhen Dist., Taoyuan City</Col3></row><row><Col1 name='欄位1'>325</Col1><Col2 name='欄位2'>桃園市龍潭區</Col2><Col3 name='欄位3'>Longtan Dist., Taoyuan City</Col3></row><row><Col1 name='欄位1'>326</Col1><Col2 name='欄位2'>桃園市楊梅區</Col2><Col3 name='欄位3'>Yangmei Dist., Taoyuan City</Col3></row><row><Col1 name='欄位1'>327</Col1><Col2 name='欄位2'>桃園市新屋區</Col2><Col3 name='欄位3'>Xinwu Dist., Taoyuan City</Col3></row><row><Col1 name='欄位1'>328</Col1><Col2 name='欄位2'>桃園市觀音區</Col2><Col3 name='欄位3'>Guanyin Dist., Taoyuan City</Col3></row><row><Col1 name='欄位1'>330</Col1><Col2 name='欄位2'>桃園市桃園區</Col2><Col3 name='欄位3'>Taoyuan Dist., Taoyuan City</Col3></row><row><Col1 name='欄位1'>333</Col1><Col2 name='欄位2'>桃園市龜山區</Col2><Col3 name='欄位3'>Guishan Dist., Taoyuan City</Col3></row><row><Col1 name='欄位1'>334</Col1><Col2 name='欄位2'>桃園市八德區</Col2><Col3 name='欄位3'>Bade Dist., Taoyuan City</Col3></row><row><Col1 name='欄位1'>335</Col1><Col2 name='欄位2'>桃園市大溪區</Col2><Col3 name='欄位3'>Daxi Dist., Taoyuan City</Col3></row><row><Col1 name='欄位1'>336</Col1><Col2 name='欄位2'>桃園市復興區</Col2><Col3 name='欄位3'>Fuxing Dist., Taoyuan City</Col3></row><row><Col1 name='欄位1'>337</Col1><Col2 name='欄位2'>桃園市大園區</Col2><Col3 name='欄位3'>Dayuan Dist., Taoyuan City</Col3></row><row><Col1 name='欄位1'>338</Col1><Col2 name='欄位2'>桃園市蘆竹區</Col2><Col3 name='欄位3'>Luzhu Dist., Taoyuan City</Col3></row><row><Col1 name='欄位1'>350</Col1><Col2 name='欄位2'>苗栗縣竹南鎮</Col2><Col3 name='欄位3'>Zhunan Township, Miaoli County</Col3></row><row><Col1 name='欄位1'>351</Col1><Col2 name='欄位2'>苗栗縣頭份市</Col2><Col3 name='欄位3'>Toufen City, Miaoli County</Col3></row><row><Col1 name='欄位1'>352</Col1><Col2 name='欄位2'>苗栗縣三灣鄉</Col2><Col3 name='欄位3'>Sanwan Township, Miaoli County</Col3></row><row><Col1 name='欄位1'>353</Col1><Col2 name='欄位2'>苗栗縣南庄鄉</Col2><Col3 name='欄位3'>Nanzhuang Township, Miaoli County</Col3></row><row><Col1 name='欄位1'>354</Col1><Col2 name='欄位2'>苗栗縣獅潭鄉</Col2><Col3 name='欄位3'>Shitan Township, Miaoli County</Col3></row><row><Col1 name='欄位1'>356</Col1><Col2 name='欄位2'>苗栗縣後龍鎮</Col2><Col3 name='欄位3'>Houlong Township, Miaoli County</Col3></row><row><Col1 name='欄位1'>357</Col1><Col2 name='欄位2'>苗栗縣通霄鎮</Col2><Col3 name='欄位3'>Tongxiao Township, Miaoli County</Col3></row><row><Col1 name='欄位1'>358</Col1><Col2 name='欄位2'>苗栗縣苑裡鎮</Col2><Col3 name='欄位3'>Yuanli Township, Miaoli County</Col3></row><row><Col1 name='欄位1'>360</Col1><Col2 name='欄位2'>苗栗縣苗栗市</Col2><Col3 name='欄位3'>Miaoli City, Miaoli County</Col3></row><row><Col1 name='欄位1'>361</Col1><Col2 name='欄位2'>苗栗縣造橋鄉</Col2><Col3 name='欄位3'>Zaoqiao Township, Miaoli County</Col3></row><row><Col1 name='欄位1'>362</Col1><Col2 name='欄位2'>苗栗縣頭屋鄉</Col2><Col3 name='欄位3'>Touwu Township, Miaoli County</Col3></row><row><Col1 name='欄位1'>363</Col1><Col2 name='欄位2'>苗栗縣公館鄉</Col2><Col3 name='欄位3'>Gongguan Township, Miaoli County</Col3></row><row><Col1 name='欄位1'>364</Col1><Col2 name='欄位2'>苗栗縣大湖鄉</Col2><Col3 name='欄位3'>Dahu Township, Miaoli County</Col3></row><row><Col1 name='欄位1'>365</Col1><Col2 name='欄位2'>苗栗縣泰安鄉</Col2><Col3 name='欄位3'>Tai’an Township, Miaoli County</Col3></row><row><Col1 name='欄位1'>366</Col1><Col2 name='欄位2'>苗栗縣銅鑼鄉</Col2><Col3 name='欄位3'>Tongluo Township, Miaoli County</Col3></row><row><Col1 name='欄位1'>367</Col1><Col2 name='欄位2'>苗栗縣三義鄉</Col2><Col3 name='欄位3'>Sanyi Township, Miaoli County</Col3></row><row><Col1 name='欄位1'>368</Col1><Col2 name='欄位2'>苗栗縣西湖鄉</Col2><Col3 name='欄位3'>Xihu Township, Miaoli County</Col3></row><row><Col1 name='欄位1'>369</Col1><Col2 name='欄位2'>苗栗縣卓蘭鎮</Col2><Col3 name='欄位3'>Zhuolan Township, Miaoli County</Col3></row><row><Col1 name='欄位1'>400</Col1><Col2 name='欄位2'>臺中市中區</Col2><Col3 name='欄位3'>Central Dist., Taichung City</Col3></row><row><Col1 name='欄位1'>401</Col1><Col2 name='欄位2'>臺中市東區</Col2><Col3 name='欄位3'>East Dist., Taichung City</Col3></row><row><Col1 name='欄位1'>402</Col1><Col2 name='欄位2'>臺中市南區</Col2><Col3 name='欄位3'>South Dist., Taichung City</Col3></row><row><Col1 name='欄位1'>403</Col1><Col2 name='欄位2'>臺中市西區</Col2><Col3 name='欄位3'>West Dist., Taichung City</Col3></row><row><Col1 name='欄位1'>404</Col1><Col2 name='欄位2'>臺中市北區</Col2><Col3 name='欄位3'>North Dist., Taichung City</Col3></row><row><Col1 name='欄位1'>406</Col1><Col2 name='欄位2'>臺中市北屯區</Col2><Col3 name='欄位3'>Beitun Dist., Taichung City</Col3></row><row><Col1 name='欄位1'>407</Col1><Col2 name='欄位2'>臺中市西屯區</Col2><Col3 name='欄位3'>Xitun Dist., Taichung City</Col3></row><row><Col1 name='欄位1'>408</Col1><Col2 name='欄位2'>臺中市南屯區</Col2><Col3 name='欄位3'>Nantun Dist., Taichung City</Col3></row><row><Col1 name='欄位1'>411</Col1><Col2 name='欄位2'>臺中市太平區</Col2><Col3 name='欄位3'>Taiping Dist., Taichung City</Col3></row><row><Col1 name='欄位1'>412</Col1><Col2 name='欄位2'>臺中市大里區</Col2><Col3 name='欄位3'>Dali Dist., Taichung City</Col3></row><row><Col1 name='欄位1'>413</Col1><Col2 name='欄位2'>臺中市霧峰區</Col2><Col3 name='欄位3'>Wufeng Dist., Taichung City</Col3></row><row><Col1 name='欄位1'>414</Col1><Col2 name='欄位2'>臺中市烏日區</Col2><Col3 name='欄位3'>Wuri Dist., Taichung City</Col3></row><row><Col1 name='欄位1'>420</Col1><Col2 name='欄位2'>臺中市豐原區</Col2><Col3 name='欄位3'>Fengyuan Dist., Taichung City</Col3></row><row><Col1 name='欄位1'>421</Col1><Col2 name='欄位2'>臺中市后里區</Col2><Col3 name='欄位3'>Houli Dist., Taichung City</Col3></row><row><Col1 name='欄位1'>422</Col1><Col2 name='欄位2'>臺中市石岡區</Col2><Col3 name='欄位3'>Shigang Dist., Taichung City</Col3></row><row><Col1 name='欄位1'>423</Col1><Col2 name='欄位2'>臺中市東勢區</Col2><Col3 name='欄位3'>Dongshi Dist., Taichung City</Col3></row><row><Col1 name='欄位1'>424</Col1><Col2 name='欄位2'>臺中市和平區</Col2><Col3 name='欄位3'>Heping Dist., Taichung City</Col3></row><row><Col1 name='欄位1'>426</Col1><Col2 name='欄位2'>臺中市新社區</Col2><Col3 name='欄位3'>Xinshe Dist., Taichung City</Col3></row><row><Col1 name='欄位1'>427</Col1><Col2 name='欄位2'>臺中市潭子區</Col2><Col3 name='欄位3'>Tanzi Dist., Taichung City</Col3></row><row><Col1 name='欄位1'>428</Col1><Col2 name='欄位2'>臺中市大雅區</Col2><Col3 name='欄位3'>Daya Dist., Taichung City</Col3></row><row><Col1 name='欄位1'>429</Col1><Col2 name='欄位2'>臺中市神岡區</Col2><Col3 name='欄位3'>Shengang Dist., Taichung City</Col3></row><row><Col1 name='欄位1'>432</Col1><Col2 name='欄位2'>臺中市大肚區</Col2><Col3 name='欄位3'>Dadu Dist., Taichung City</Col3></row><row><Col1 name='欄位1'>433</Col1><Col2 name='欄位2'>臺中市沙鹿區</Col2><Col3 name='欄位3'>Shalu Dist., Taichung City</Col3></row><row><Col1 name='欄位1'>434</Col1><Col2 name='欄位2'>臺中市龍井區</Col2><Col3 name='欄位3'>Longjing Dist., Taichung City</Col3></row><row><Col1 name='欄位1'>435</Col1><Col2 name='欄位2'>臺中市梧棲區</Col2><Col3 name='欄位3'>Wuqi Dist., Taichung City</Col3></row><row><Col1 name='欄位1'>436</Col1><Col2 name='欄位2'>臺中市清水區</Col2><Col3 name='欄位3'>Qingshui Dist., Taichung City</Col3></row><row><Col1 name='欄位1'>437</Col1><Col2 name='欄位2'>臺中市大甲區</Col2><Col3 name='欄位3'>Dajia Dist., Taichung City</Col3></row><row><Col1 name='欄位1'>438</Col1><Col2 name='欄位2'>臺中市外埔區</Col2><Col3 name='欄位3'>Waipu Dist., Taichung City</Col3></row><row><Col1 name='欄位1'>439</Col1><Col2 name='欄位2'>臺中市大安區</Col2><Col3 name='欄位3'>Da’an Dist., Taichung City</Col3></row><row><Col1 name='欄位1'>500</Col1><Col2 name='欄位2'>彰化縣彰化市</Col2><Col3 name='欄位3'>Changhua City, Changhua County</Col3></row><row><Col1 name='欄位1'>502</Col1><Col2 name='欄位2'>彰化縣芬園鄉</Col2><Col3 name='欄位3'>Fenyuan Township, Changhua County</Col3></row><row><Col1 name='欄位1'>503</Col1><Col2 name='欄位2'>彰化縣花壇鄉</Col2><Col3 name='欄位3'>Huatan Township, Changhua County</Col3></row><row><Col1 name='欄位1'>504</Col1><Col2 name='欄位2'>彰化縣秀水鄉</Col2><Col3 name='欄位3'>Xiushui Township, Changhua County</Col3></row><row><Col1 name='欄位1'>505</Col1><Col2 name='欄位2'>彰化縣鹿港鎮</Col2><Col3 name='欄位3'>Lukang Township, Changhua County</Col3></row><row><Col1 name='欄位1'>506</Col1><Col2 name='欄位2'>彰化縣福興鄉</Col2><Col3 name='欄位3'>Fuxing Township, Changhua County</Col3></row><row><Col1 name='欄位1'>507</Col1><Col2 name='欄位2'>彰化縣線西鄉</Col2><Col3 name='欄位3'>Xianxi Township, Changhua County</Col3></row><row><Col1 name='欄位1'>508</Col1><Col2 name='欄位2'>彰化縣和美鎮</Col2><Col3 name='欄位3'>Hemei Township, Changhua County</Col3></row><row><Col1 name='欄位1'>509</Col1><Col2 name='欄位2'>彰化縣伸港鄉</Col2><Col3 name='欄位3'>Shengang Township, Changhua County</Col3></row><row><Col1 name='欄位1'>510</Col1><Col2 name='欄位2'>彰化縣員林市</Col2><Col3 name='欄位3'>Yuanlin City, Changhua County</Col3></row><row><Col1 name='欄位1'>511</Col1><Col2 name='欄位2'>彰化縣社頭鄉</Col2><Col3 name='欄位3'>Shetou Township, Changhua County</Col3></row><row><Col1 name='欄位1'>512</Col1><Col2 name='欄位2'>彰化縣永靖鄉</Col2><Col3 name='欄位3'>Yongjing Township, Changhua County</Col3></row><row><Col1 name='欄位1'>513</Col1><Col2 name='欄位2'>彰化縣埔心鄉</Col2><Col3 name='欄位3'>Puxin Township, Changhua County</Col3></row><row><Col1 name='欄位1'>514</Col1><Col2 name='欄位2'>彰化縣溪湖鎮</Col2><Col3 name='欄位3'>Xihu Township, Changhua County</Col3></row><row><Col1 name='欄位1'>515</Col1><Col2 name='欄位2'>彰化縣大村鄉</Col2><Col3 name='欄位3'>Dacun Township, Changhua County</Col3></row><row><Col1 name='欄位1'>516</Col1><Col2 name='欄位2'>彰化縣埔鹽鄉</Col2><Col3 name='欄位3'>Puyan Township, Changhua County</Col3></row><row><Col1 name='欄位1'>520</Col1><Col2 name='欄位2'>彰化縣田中鎮</Col2><Col3 name='欄位3'>Tianzhong Township, Changhua County</Col3></row><row><Col1 name='欄位1'>521</Col1><Col2 name='欄位2'>彰化縣北斗鎮</Col2><Col3 name='欄位3'>Beidou Township, Changhua County</Col3></row><row><Col1 name='欄位1'>522</Col1><Col2 name='欄位2'>彰化縣田尾鄉</Col2><Col3 name='欄位3'>Tianwei Township, Changhua County</Col3></row><row><Col1 name='欄位1'>523</Col1><Col2 name='欄位2'>彰化縣埤頭鄉</Col2><Col3 name='欄位3'>Pitou Township, Changhua County</Col3></row><row><Col1 name='欄位1'>524</Col1><Col2 name='欄位2'>彰化縣溪州鄉</Col2><Col3 name='欄位3'>Xizhou Township, Changhua County</Col3></row><row><Col1 name='欄位1'>525</Col1><Col2 name='欄位2'>彰化縣竹塘鄉</Col2><Col3 name='欄位3'>Zhutang Township, Changhua County</Col3></row><row><Col1 name='欄位1'>526</Col1><Col2 name='欄位2'>彰化縣二林鎮</Col2><Col3 name='欄位3'>Erlin Township, Changhua County</Col3></row><row><Col1 name='欄位1'>527</Col1><Col2 name='欄位2'>彰化縣大城鄉</Col2><Col3 name='欄位3'>Dacheng Township, Changhua County</Col3></row><row><Col1 name='欄位1'>528</Col1><Col2 name='欄位2'>彰化縣芳苑鄉</Col2><Col3 name='欄位3'>Fangyuan Township, Changhua County</Col3></row><row><Col1 name='欄位1'>530</Col1><Col2 name='欄位2'>彰化縣二水鄉</Col2><Col3 name='欄位3'>Ershui Township, Changhua County</Col3></row><row><Col1 name='欄位1'>540</Col1><Col2 name='欄位2'>南投縣南投市</Col2><Col3 name='欄位3'>Nantou City, Nantou County</Col3></row><row><Col1 name='欄位1'>541</Col1><Col2 name='欄位2'>南投縣中寮鄉</Col2><Col3 name='欄位3'>Zhongliao Township, Nantou County</Col3></row><row><Col1 name='欄位1'>542</Col1><Col2 name='欄位2'>南投縣草屯鎮</Col2><Col3 name='欄位3'>Caotun Township, Nantou County</Col3></row><row><Col1 name='欄位1'>544</Col1><Col2 name='欄位2'>南投縣國姓鄉</Col2><Col3 name='欄位3'>Guoxing Township, Nantou County</Col3></row><row><Col1 name='欄位1'>545</Col1><Col2 name='欄位2'>南投縣埔里鎮</Col2><Col3 name='欄位3'>Puli Township, Nantou County</Col3></row><row><Col1 name='欄位1'>546</Col1><Col2 name='欄位2'>南投縣仁愛鄉</Col2><Col3 name='欄位3'>Ren’ai Township, Nantou County</Col3></row><row><Col1 name='欄位1'>551</Col1><Col2 name='欄位2'>南投縣名間鄉</Col2><Col3 name='欄位3'>Mingjian Township, Nantou County</Col3></row><row><Col1 name='欄位1'>552</Col1><Col2 name='欄位2'>南投縣集集鎮</Col2><Col3 name='欄位3'>Jiji Township, Nantou County</Col3></row><row><Col1 name='欄位1'>553</Col1><Col2 name='欄位2'>南投縣水里鄉</Col2><Col3 name='欄位3'>Shuili Township, Nantou County</Col3></row><row><Col1 name='欄位1'>555</Col1><Col2 name='欄位2'>南投縣魚池鄉</Col2><Col3 name='欄位3'>Yuchi Township, Nantou County</Col3></row><row><Col1 name='欄位1'>556</Col1><Col2 name='欄位2'>南投縣信義鄉</Col2><Col3 name='欄位3'>Xinyi Township, Nantou County</Col3></row><row><Col1 name='欄位1'>557</Col1><Col2 name='欄位2'>南投縣竹山鎮</Col2><Col3 name='欄位3'>Zhushan Township, Nantou County</Col3></row><row><Col1 name='欄位1'>558</Col1><Col2 name='欄位2'>南投縣鹿谷鄉</Col2><Col3 name='欄位3'>Lugu Township, Nantou County</Col3></row><row><Col1 name='欄位1'>600</Col1><Col2 name='欄位2'>嘉義市東區</Col2><Col3 name='欄位3'>East Dist., Chiayi City</Col3></row><row><Col1 name='欄位1'>600</Col1><Col2 name='欄位2'>嘉義市西區</Col2><Col3 name='欄位3'>West Dist., Chiayi City</Col3></row><row><Col1 name='欄位1'>602</Col1><Col2 name='欄位2'>嘉義縣番路鄉</Col2><Col3 name='欄位3'>Fanlu Township, Chiayi County</Col3></row><row><Col1 name='欄位1'>603</Col1><Col2 name='欄位2'>嘉義縣梅山鄉</Col2><Col3 name='欄位3'>Meishan Township, Chiayi County</Col3></row><row><Col1 name='欄位1'>604</Col1><Col2 name='欄位2'>嘉義縣竹崎鄉</Col2><Col3 name='欄位3'>Zhuqi Township, Chiayi County</Col3></row><row><Col1 name='欄位1'>605</Col1><Col2 name='欄位2'>嘉義縣阿里山鄉</Col2><Col3 name='欄位3'>Alishan Township, Chiayi County</Col3></row><row><Col1 name='欄位1'>606</Col1><Col2 name='欄位2'>嘉義縣中埔鄉</Col2><Col3 name='欄位3'>Zhongpu Township, Chiayi County</Col3></row><row><Col1 name='欄位1'>607</Col1><Col2 name='欄位2'>嘉義縣大埔鄉</Col2><Col3 name='欄位3'>Dapu Township, Chiayi County</Col3></row><row><Col1 name='欄位1'>608</Col1><Col2 name='欄位2'>嘉義縣水上鄉</Col2><Col3 name='欄位3'>Shuishang Township, Chiayi County</Col3></row><row><Col1 name='欄位1'>611</Col1><Col2 name='欄位2'>嘉義縣鹿草鄉</Col2><Col3 name='欄位3'>Lucao Township, Chiayi County</Col3></row><row><Col1 name='欄位1'>612</Col1><Col2 name='欄位2'>嘉義縣太保市</Col2><Col3 name='欄位3'>Taibao City, Chiayi County</Col3></row><row><Col1 name='欄位1'>613</Col1><Col2 name='欄位2'>嘉義縣朴子市</Col2><Col3 name='欄位3'>Puzi City, Chiayi County</Col3></row><row><Col1 name='欄位1'>614</Col1><Col2 name='欄位2'>嘉義縣東石鄉</Col2><Col3 name='欄位3'>Dongshi Township, Chiayi County</Col3></row><row><Col1 name='欄位1'>615</Col1><Col2 name='欄位2'>嘉義縣六腳鄉</Col2><Col3 name='欄位3'>Liujiao Township, Chiayi County</Col3></row><row><Col1 name='欄位1'>616</Col1><Col2 name='欄位2'>嘉義縣新港鄉</Col2><Col3 name='欄位3'>Xingang Township, Chiayi County</Col3></row><row><Col1 name='欄位1'>621</Col1><Col2 name='欄位2'>嘉義縣民雄鄉</Col2><Col3 name='欄位3'>Minxiong Township, Chiayi County</Col3></row><row><Col1 name='欄位1'>622</Col1><Col2 name='欄位2'>嘉義縣大林鎮</Col2><Col3 name='欄位3'>Dalin Township, Chiayi County</Col3></row><row><Col1 name='欄位1'>623</Col1><Col2 name='欄位2'>嘉義縣溪口鄉</Col2><Col3 name='欄位3'>Xikou Township, Chiayi County</Col3></row><row><Col1 name='欄位1'>624</Col1><Col2 name='欄位2'>嘉義縣義竹鄉</Col2><Col3 name='欄位3'>Yizhu Township, Chiayi County</Col3></row><row><Col1 name='欄位1'>625</Col1><Col2 name='欄位2'>嘉義縣布袋鎮</Col2><Col3 name='欄位3'>Budai Township, Chiayi County</Col3></row><row><Col1 name='欄位1'>630</Col1><Col2 name='欄位2'>雲林縣斗南鎮</Col2><Col3 name='欄位3'>Dounan Township, Yunlin County</Col3></row><row><Col1 name='欄位1'>631</Col1><Col2 name='欄位2'>雲林縣大埤鄉</Col2><Col3 name='欄位3'>Dapi Township, Yunlin County</Col3></row><row><Col1 name='欄位1'>632</Col1><Col2 name='欄位2'>雲林縣虎尾鎮</Col2><Col3 name='欄位3'>Huwei Township, Yunlin County</Col3></row><row><Col1 name='欄位1'>633</Col1><Col2 name='欄位2'>雲林縣土庫鎮</Col2><Col3 name='欄位3'>Tuku Township, Yunlin County</Col3></row><row><Col1 name='欄位1'>634</Col1><Col2 name='欄位2'>雲林縣褒忠鄉</Col2><Col3 name='欄位3'>Baozhong Township, Yunlin County</Col3></row><row><Col1 name='欄位1'>635</Col1><Col2 name='欄位2'>雲林縣東勢鄉</Col2><Col3 name='欄位3'>Dongshi Township, Yunlin County</Col3></row><row><Col1 name='欄位1'>636</Col1><Col2 name='欄位2'>雲林縣臺西鄉</Col2><Col3 name='欄位3'>Taixi Township, Yunlin County</Col3></row><row><Col1 name='欄位1'>637</Col1><Col2 name='欄位2'>雲林縣崙背鄉</Col2><Col3 name='欄位3'>Lunbei Township, Yunlin County</Col3></row><row><Col1 name='欄位1'>638</Col1><Col2 name='欄位2'>雲林縣麥寮鄉</Col2><Col3 name='欄位3'>Mailiao Township, Yunlin County</Col3></row><row><Col1 name='欄位1'>640</Col1><Col2 name='欄位2'>雲林縣斗六市</Col2><Col3 name='欄位3'>Douliu City, Yunlin County</Col3></row><row><Col1 name='欄位1'>643</Col1><Col2 name='欄位2'>雲林縣林內鄉</Col2><Col3 name='欄位3'>Linnei Township, Yunlin County</Col3></row><row><Col1 name='欄位1'>646</Col1><Col2 name='欄位2'>雲林縣古坑鄉</Col2><Col3 name='欄位3'>Gukeng Township, Yunlin County</Col3></row><row><Col1 name='欄位1'>647</Col1><Col2 name='欄位2'>雲林縣莿桐鄉</Col2><Col3 name='欄位3'>Citong Township, Yunlin County</Col3></row><row><Col1 name='欄位1'>648</Col1><Col2 name='欄位2'>雲林縣西螺鎮</Col2><Col3 name='欄位3'>Xiluo Township, Yunlin County</Col3></row><row><Col1 name='欄位1'>649</Col1><Col2 name='欄位2'>雲林縣二崙鄉</Col2><Col3 name='欄位3'>Erlun Township, Yunlin County</Col3></row><row><Col1 name='欄位1'>651</Col1><Col2 name='欄位2'>雲林縣北港鎮</Col2><Col3 name='欄位3'>Beigang Township, Yunlin County</Col3></row><row><Col1 name='欄位1'>652</Col1><Col2 name='欄位2'>雲林縣水林鄉</Col2><Col3 name='欄位3'>Shuilin Township, Yunlin County</Col3></row><row><Col1 name='欄位1'>653</Col1><Col2 name='欄位2'>雲林縣口湖鄉</Col2><Col3 name='欄位3'>Kouhu Township, Yunlin County</Col3></row><row><Col1 name='欄位1'>654</Col1><Col2 name='欄位2'>雲林縣四湖鄉</Col2><Col3 name='欄位3'>Sihu Township, Yunlin County</Col3></row><row><Col1 name='欄位1'>655</Col1><Col2 name='欄位2'>雲林縣元長鄉</Col2><Col3 name='欄位3'>Yuanchang Township, Yunlin County</Col3></row><row><Col1 name='欄位1'>700</Col1><Col2 name='欄位2'>臺南市中西區</Col2><Col3 name='欄位3'>West Central Dist., Tainan City</Col3></row><row><Col1 name='欄位1'>701</Col1><Col2 name='欄位2'>臺南市東區</Col2><Col3 name='欄位3'>East Dist., Tainan City</Col3></row><row><Col1 name='欄位1'>702</Col1><Col2 name='欄位2'>臺南市南區</Col2><Col3 name='欄位3'>South Dist., Tainan City</Col3></row><row><Col1 name='欄位1'>704</Col1><Col2 name='欄位2'>臺南市北區</Col2><Col3 name='欄位3'>North Dist., Tainan City</Col3></row><row><Col1 name='欄位1'>708</Col1><Col2 name='欄位2'>臺南市安平區</Col2><Col3 name='欄位3'>Anping Dist., Tainan City</Col3></row><row><Col1 name='欄位1'>709</Col1><Col2 name='欄位2'>臺南市安南區</Col2><Col3 name='欄位3'>Annan Dist., Tainan City</Col3></row><row><Col1 name='欄位1'>710</Col1><Col2 name='欄位2'>臺南市永康區</Col2><Col3 name='欄位3'>Yongkang Dist., Tainan City</Col3></row><row><Col1 name='欄位1'>711</Col1><Col2 name='欄位2'>臺南市歸仁區</Col2><Col3 name='欄位3'>Guiren Dist., Tainan City</Col3></row><row><Col1 name='欄位1'>712</Col1><Col2 name='欄位2'>臺南市新化區</Col2><Col3 name='欄位3'>Xinhua Dist., Tainan City</Col3></row><row><Col1 name='欄位1'>713</Col1><Col2 name='欄位2'>臺南市左鎮區</Col2><Col3 name='欄位3'>Zuozhen Dist., Tainan City</Col3></row><row><Col1 name='欄位1'>714</Col1><Col2 name='欄位2'>臺南市玉井區</Col2><Col3 name='欄位3'>Yujing Dist., Tainan City</Col3></row><row><Col1 name='欄位1'>715</Col1><Col2 name='欄位2'>臺南市楠西區</Col2><Col3 name='欄位3'>Nanxi Dist., Tainan City</Col3></row><row><Col1 name='欄位1'>716</Col1><Col2 name='欄位2'>臺南市南化區</Col2><Col3 name='欄位3'>Nanhua Dist., Tainan City</Col3></row><row><Col1 name='欄位1'>717</Col1><Col2 name='欄位2'>臺南市仁德區</Col2><Col3 name='欄位3'>Rende Dist., Tainan City</Col3></row><row><Col1 name='欄位1'>718</Col1><Col2 name='欄位2'>臺南市關廟區</Col2><Col3 name='欄位3'>Guanmiao Dist., Tainan City</Col3></row><row><Col1 name='欄位1'>719</Col1><Col2 name='欄位2'>臺南市龍崎區</Col2><Col3 name='欄位3'>Longqi Dist., Tainan City</Col3></row><row><Col1 name='欄位1'>720</Col1><Col2 name='欄位2'>臺南市官田區</Col2><Col3 name='欄位3'>Guantian Dist., Tainan City</Col3></row><row><Col1 name='欄位1'>721</Col1><Col2 name='欄位2'>臺南市麻豆區</Col2><Col3 name='欄位3'>Madou Dist., Tainan City</Col3></row><row><Col1 name='欄位1'>722</Col1><Col2 name='欄位2'>臺南市佳里區</Col2><Col3 name='欄位3'>Jiali Dist., Tainan City</Col3></row><row><Col1 name='欄位1'>723</Col1><Col2 name='欄位2'>臺南市西港區</Col2><Col3 name='欄位3'>Xigang Dist., Tainan City</Col3></row><row><Col1 name='欄位1'>724</Col1><Col2 name='欄位2'>臺南市七股區</Col2><Col3 name='欄位3'>Qigu Dist., Tainan City</Col3></row><row><Col1 name='欄位1'>725</Col1><Col2 name='欄位2'>臺南市將軍區</Col2><Col3 name='欄位3'>Jiangjun Dist., Tainan City</Col3></row><row><Col1 name='欄位1'>726</Col1><Col2 name='欄位2'>臺南市學甲區</Col2><Col3 name='欄位3'>Xuejia Dist., Tainan City</Col3></row><row><Col1 name='欄位1'>727</Col1><Col2 name='欄位2'>臺南市北門區</Col2><Col3 name='欄位3'>Beimen Dist., Tainan City</Col3></row><row><Col1 name='欄位1'>730</Col1><Col2 name='欄位2'>臺南市新營區</Col2><Col3 name='欄位3'>Xinying Dist., Tainan City</Col3></row><row><Col1 name='欄位1'>731</Col1><Col2 name='欄位2'>臺南市後壁區</Col2><Col3 name='欄位3'>Houbi Dist., Tainan City</Col3></row><row><Col1 name='欄位1'>732</Col1><Col2 name='欄位2'>臺南市白河區</Col2><Col3 name='欄位3'>Baihe Dist., Tainan City</Col3></row><row><Col1 name='欄位1'>733</Col1><Col2 name='欄位2'>臺南市東山區</Col2><Col3 name='欄位3'>Dongshan Dist., Tainan City</Col3></row><row><Col1 name='欄位1'>734</Col1><Col2 name='欄位2'>臺南市六甲區</Col2><Col3 name='欄位3'>Liujia Dist., Tainan City</Col3></row><row><Col1 name='欄位1'>735</Col1><Col2 name='欄位2'>臺南市下營區</Col2><Col3 name='欄位3'>Xiaying Dist., Tainan City</Col3></row><row><Col1 name='欄位1'>736</Col1><Col2 name='欄位2'>臺南市柳營區</Col2><Col3 name='欄位3'>Liuying Dist., Tainan City</Col3></row><row><Col1 name='欄位1'>737</Col1><Col2 name='欄位2'>臺南市鹽水區</Col2><Col3 name='欄位3'>Yanshui Dist., Tainan City</Col3></row><row><Col1 name='欄位1'>741</Col1><Col2 name='欄位2'>臺南市善化區</Col2><Col3 name='欄位3'>Shanhua Dist., Tainan City</Col3></row><row><Col1 name='欄位1'>742</Col1><Col2 name='欄位2'>臺南市大內區</Col2><Col3 name='欄位3'>Danei Dist., Tainan City</Col3></row><row><Col1 name='欄位1'>743</Col1><Col2 name='欄位2'>臺南市山上區</Col2><Col3 name='欄位3'>Shanshang Dist., Tainan City</Col3></row><row><Col1 name='欄位1'>744</Col1><Col2 name='欄位2'>臺南市新市區</Col2><Col3 name='欄位3'>Xinshi Dist., Tainan City</Col3></row><row><Col1 name='欄位1'>745</Col1><Col2 name='欄位2'>臺南市安定區</Col2><Col3 name='欄位3'>Anding Dist., Tainan City</Col3></row><row><Col1 name='欄位1'>800</Col1><Col2 name='欄位2'>高雄市新興區</Col2><Col3 name='欄位3'>Xinxing Dist., Kaohsiung City</Col3></row><row><Col1 name='欄位1'>801</Col1><Col2 name='欄位2'>高雄市前金區</Col2><Col3 name='欄位3'>Qianjin Dist., Kaohsiung City</Col3></row><row><Col1 name='欄位1'>802</Col1><Col2 name='欄位2'>高雄市苓雅區</Col2><Col3 name='欄位3'>Lingya Dist., Kaohsiung City</Col3></row><row><Col1 name='欄位1'>803</Col1><Col2 name='欄位2'>高雄市鹽埕區</Col2><Col3 name='欄位3'>Yancheng Dist., Kaohsiung City</Col3></row><row><Col1 name='欄位1'>804</Col1><Col2 name='欄位2'>高雄市鼓山區</Col2><Col3 name='欄位3'>Gushan Dist., Kaohsiung City</Col3></row><row><Col1 name='欄位1'>805</Col1><Col2 name='欄位2'>高雄市旗津區</Col2><Col3 name='欄位3'>Qijin Dist., Kaohsiung City</Col3></row><row><Col1 name='欄位1'>806</Col1><Col2 name='欄位2'>高雄市前鎮區</Col2><Col3 name='欄位3'>Qianzhen Dist., Kaohsiung City</Col3></row><row><Col1 name='欄位1'>807</Col1><Col2 name='欄位2'>高雄市三民區</Col2><Col3 name='欄位3'>Sanmin Dist., Kaohsiung City</Col3></row><row><Col1 name='欄位1'>811</Col1><Col2 name='欄位2'>高雄市楠梓區</Col2><Col3 name='欄位3'>Nanzi Dist., Kaohsiung City</Col3></row><row><Col1 name='欄位1'>812</Col1><Col2 name='欄位2'>高雄市小港區</Col2><Col3 name='欄位3'>Xiaogang Dist., Kaohsiung City</Col3></row><row><Col1 name='欄位1'>813</Col1><Col2 name='欄位2'>高雄市左營區</Col2><Col3 name='欄位3'>Zuoying Dist., Kaohsiung City</Col3></row><row><Col1 name='欄位1'>814</Col1><Col2 name='欄位2'>高雄市仁武區</Col2><Col3 name='欄位3'>Renwu Dist., Kaohsiung City</Col3></row><row><Col1 name='欄位1'>815</Col1><Col2 name='欄位2'>高雄市大社區</Col2><Col3 name='欄位3'>Dashe Dist., Kaohsiung City</Col3></row><row><Col1 name='欄位1'>817</Col1><Col2 name='欄位2'>高雄市東沙群島</Col2><Col3 name='欄位3'>Dongsha Islands, Nanhai Islands</Col3></row><row><Col1 name='欄位1'>819</Col1><Col2 name='欄位2'>高雄市南沙群島</Col2><Col3 name='欄位3'>Nansha Islands, Nanhai Islands</Col3></row><row><Col1 name='欄位1'>820</Col1><Col2 name='欄位2'>高雄市岡山區</Col2><Col3 name='欄位3'>Gangshan Dist., Kaohsiung City</Col3></row><row><Col1 name='欄位1'>821</Col1><Col2 name='欄位2'>高雄市路竹區</Col2><Col3 name='欄位3'>Luzhu Dist., Kaohsiung City</Col3></row><row><Col1 name='欄位1'>822</Col1><Col2 name='欄位2'>高雄市阿蓮區</Col2><Col3 name='欄位3'>Alian Dist., Kaohsiung City</Col3></row><row><Col1 name='欄位1'>823</Col1><Col2 name='欄位2'>高雄市田寮區</Col2><Col3 name='欄位3'>Tianliao Dist., Kaohsiung City</Col3></row><row><Col1 name='欄位1'>824</Col1><Col2 name='欄位2'>高雄市燕巢區</Col2><Col3 name='欄位3'>Yanchao Dist., Kaohsiung City</Col3></row><row><Col1 name='欄位1'>825</Col1><Col2 name='欄位2'>高雄市橋頭區</Col2><Col3 name='欄位3'>Qiaotou Dist., Kaohsiung City</Col3></row><row><Col1 name='欄位1'>826</Col1><Col2 name='欄位2'>高雄市梓官區</Col2><Col3 name='欄位3'>Ziguan Dist., Kaohsiung City</Col3></row><row><Col1 name='欄位1'>827</Col1><Col2 name='欄位2'>高雄市彌陀區</Col2><Col3 name='欄位3'>Mituo Dist., Kaohsiung City</Col3></row><row><Col1 name='欄位1'>828</Col1><Col2 name='欄位2'>高雄市永安區</Col2><Col3 name='欄位3'>Yong’an Dist., Kaohsiung City</Col3></row><row><Col1 name='欄位1'>829</Col1><Col2 name='欄位2'>高雄市湖內區</Col2><Col3 name='欄位3'>Hunei Dist., Kaohsiung City</Col3></row><row><Col1 name='欄位1'>830</Col1><Col2 name='欄位2'>高雄市鳳山區</Col2><Col3 name='欄位3'>Fengshan Dist., Kaohsiung City</Col3></row><row><Col1 name='欄位1'>831</Col1><Col2 name='欄位2'>高雄市大寮區</Col2><Col3 name='欄位3'>Daliao Dist., Kaohsiung City</Col3></row><row><Col1 name='欄位1'>832</Col1><Col2 name='欄位2'>高雄市林園區</Col2><Col3 name='欄位3'>Linyuan Dist., Kaohsiung City</Col3></row><row><Col1 name='欄位1'>833</Col1><Col2 name='欄位2'>高雄市鳥松區</Col2><Col3 name='欄位3'>Niaosong Dist., Kaohsiung City</Col3></row><row><Col1 name='欄位1'>840</Col1><Col2 name='欄位2'>高雄市大樹區</Col2><Col3 name='欄位3'>Dashu Dist., Kaohsiung City</Col3></row><row><Col1 name='欄位1'>842</Col1><Col2 name='欄位2'>高雄市旗山區</Col2><Col3 name='欄位3'>Qishan Dist., Kaohsiung City</Col3></row><row><Col1 name='欄位1'>843</Col1><Col2 name='欄位2'>高雄市美濃區</Col2><Col3 name='欄位3'>Meinong Dist., Kaohsiung City</Col3></row><row><Col1 name='欄位1'>844</Col1><Col2 name='欄位2'>高雄市六龜區</Col2><Col3 name='欄位3'>Liugui Dist., Kaohsiung City</Col3></row><row><Col1 name='欄位1'>845</Col1><Col2 name='欄位2'>高雄市內門區</Col2><Col3 name='欄位3'>Neimen Dist., Kaohsiung City</Col3></row><row><Col1 name='欄位1'>846</Col1><Col2 name='欄位2'>高雄市杉林區</Col2><Col3 name='欄位3'>Shanlin Dist., Kaohsiung City</Col3></row><row><Col1 name='欄位1'>847</Col1><Col2 name='欄位2'>高雄市甲仙區</Col2><Col3 name='欄位3'>Jiaxian Dist., Kaohsiung City</Col3></row><row><Col1 name='欄位1'>848</Col1><Col2 name='欄位2'>高雄市桃源區</Col2><Col3 name='欄位3'>Taoyuan Dist., Kaohsiung City</Col3></row><row><Col1 name='欄位1'>849</Col1><Col2 name='欄位2'>高雄市那瑪夏區</Col2><Col3 name='欄位3'>Namaxia Dist., Kaohsiung City</Col3></row><row><Col1 name='欄位1'>851</Col1><Col2 name='欄位2'>高雄市茂林區</Col2><Col3 name='欄位3'>Maolin Dist., Kaohsiung City</Col3></row><row><Col1 name='欄位1'>852</Col1><Col2 name='欄位2'>高雄市茄萣區</Col2><Col3 name='欄位3'>Qieding Dist., Kaohsiung City</Col3></row><row><Col1 name='欄位1'>880</Col1><Col2 name='欄位2'>澎湖縣馬公市</Col2><Col3 name='欄位3'>Magong City, Penghu County</Col3></row><row><Col1 name='欄位1'>881</Col1><Col2 name='欄位2'>澎湖縣西嶼鄉</Col2><Col3 name='欄位3'>Xiyu Township, Penghu County</Col3></row><row><Col1 name='欄位1'>882</Col1><Col2 name='欄位2'>澎湖縣望安鄉</Col2><Col3 name='欄位3'>Wang’an Township, Penghu County</Col3></row><row><Col1 name='欄位1'>883</Col1><Col2 name='欄位2'>澎湖縣七美鄉</Col2><Col3 name='欄位3'>Qimei Township, Penghu County</Col3></row><row><Col1 name='欄位1'>884</Col1><Col2 name='欄位2'>澎湖縣白沙鄉</Col2><Col3 name='欄位3'>Baisha Township, Penghu County</Col3></row><row><Col1 name='欄位1'>885</Col1><Col2 name='欄位2'>澎湖縣湖西鄉</Col2><Col3 name='欄位3'>Huxi Township, Penghu County</Col3></row><row><Col1 name='欄位1'>890</Col1><Col2 name='欄位2'>金門縣金沙鎮</Col2><Col3 name='欄位3'>Jinsha Township, Kinmen County</Col3></row><row><Col1 name='欄位1'>891</Col1><Col2 name='欄位2'>金門縣金湖鎮</Col2><Col3 name='欄位3'>Jinhu Township, Kinmen County</Col3></row><row><Col1 name='欄位1'>892</Col1><Col2 name='欄位2'>金門縣金寧鄉</Col2><Col3 name='欄位3'>Jinning Township, Kinmen County</Col3></row><row><Col1 name='欄位1'>893</Col1><Col2 name='欄位2'>金門縣金城鎮</Col2><Col3 name='欄位3'>Jincheng Township, Kinmen County</Col3></row><row><Col1 name='欄位1'>894</Col1><Col2 name='欄位2'>金門縣烈嶼鄉</Col2><Col3 name='欄位3'>Lieyu Township, Kinmen County</Col3></row><row><Col1 name='欄位1'>896</Col1><Col2 name='欄位2'>金門縣烏坵鄉</Col2><Col3 name='欄位3'>Wuqiu Township, Kinmen County</Col3></row><row><Col1 name='欄位1'>900</Col1><Col2 name='欄位2'>屏東縣屏東市</Col2><Col3 name='欄位3'>Pingtung City, Pingtung County</Col3></row><row><Col1 name='欄位1'>901</Col1><Col2 name='欄位2'>屏東縣三地門鄉</Col2><Col3 name='欄位3'>Sandimen Township, Pingtung County</Col3></row><row><Col1 name='欄位1'>902</Col1><Col2 name='欄位2'>屏東縣霧臺鄉</Col2><Col3 name='欄位3'>Wutai Township, Pingtung County</Col3></row><row><Col1 name='欄位1'>903</Col1><Col2 name='欄位2'>屏東縣瑪家鄉</Col2><Col3 name='欄位3'>Majia Township, Pingtung County</Col3></row><row><Col1 name='欄位1'>904</Col1><Col2 name='欄位2'>屏東縣九如鄉</Col2><Col3 name='欄位3'>Jiuru Township, Pingtung County</Col3></row><row><Col1 name='欄位1'>905</Col1><Col2 name='欄位2'>屏東縣里港鄉</Col2><Col3 name='欄位3'>Ligang Township, Pingtung County</Col3></row><row><Col1 name='欄位1'>906</Col1><Col2 name='欄位2'>屏東縣高樹鄉</Col2><Col3 name='欄位3'>Gaoshu Township, Pingtung County</Col3></row><row><Col1 name='欄位1'>907</Col1><Col2 name='欄位2'>屏東縣鹽埔鄉</Col2><Col3 name='欄位3'>Yanpu Township, Pingtung County</Col3></row><row><Col1 name='欄位1'>908</Col1><Col2 name='欄位2'>屏東縣長治鄉</Col2><Col3 name='欄位3'>Changzhi Township, Pingtung County</Col3></row><row><Col1 name='欄位1'>909</Col1><Col2 name='欄位2'>屏東縣麟洛鄉</Col2><Col3 name='欄位3'>Linluo Township, Pingtung County</Col3></row><row><Col1 name='欄位1'>911</Col1><Col2 name='欄位2'>屏東縣竹田鄉</Col2><Col3 name='欄位3'>Zhutian Township, Pingtung County</Col3></row><row><Col1 name='欄位1'>912</Col1><Col2 name='欄位2'>屏東縣內埔鄉</Col2><Col3 name='欄位3'>Neipu Township, Pingtung County</Col3></row><row><Col1 name='欄位1'>913</Col1><Col2 name='欄位2'>屏東縣萬丹鄉</Col2><Col3 name='欄位3'>Wandan Township, Pingtung County</Col3></row><row><Col1 name='欄位1'>920</Col1><Col2 name='欄位2'>屏東縣潮州鎮</Col2><Col3 name='欄位3'>Chaozhou Township, Pingtung County</Col3></row><row><Col1 name='欄位1'>921</Col1><Col2 name='欄位2'>屏東縣泰武鄉</Col2><Col3 name='欄位3'>Taiwu Township, Pingtung County</Col3></row><row><Col1 name='欄位1'>922</Col1><Col2 name='欄位2'>屏東縣來義鄉</Col2><Col3 name='欄位3'>Laiyi Township, Pingtung County</Col3></row><row><Col1 name='欄位1'>923</Col1><Col2 name='欄位2'>屏東縣萬巒鄉</Col2><Col3 name='欄位3'>Wanluan Township, Pingtung County</Col3></row><row><Col1 name='欄位1'>924</Col1><Col2 name='欄位2'>屏東縣崁頂鄉</Col2><Col3 name='欄位3'>Kanding Township, Pingtung County</Col3></row><row><Col1 name='欄位1'>925</Col1><Col2 name='欄位2'>屏東縣新埤鄉</Col2><Col3 name='欄位3'>Xinpi Township, Pingtung County</Col3></row><row><Col1 name='欄位1'>926</Col1><Col2 name='欄位2'>屏東縣南州鄉</Col2><Col3 name='欄位3'>Nanzhou Township, Pingtung County</Col3></row><row><Col1 name='欄位1'>927</Col1><Col2 name='欄位2'>屏東縣林邊鄉</Col2><Col3 name='欄位3'>Linbian Township, Pingtung County</Col3></row><row><Col1 name='欄位1'>928</Col1><Col2 name='欄位2'>屏東縣東港鎮</Col2><Col3 name='欄位3'>Donggang Township, Pingtung County</Col3></row><row><Col1 name='欄位1'>929</Col1><Col2 name='欄位2'>屏東縣琉球鄉</Col2><Col3 name='欄位3'>Liuqiu Township, Pingtung County</Col3></row><row><Col1 name='欄位1'>931</Col1><Col2 name='欄位2'>屏東縣佳冬鄉</Col2><Col3 name='欄位3'>Jiadong Township, Pingtung County</Col3></row><row><Col1 name='欄位1'>932</Col1><Col2 name='欄位2'>屏東縣新園鄉</Col2><Col3 name='欄位3'>Xinyuan Township, Pingtung County</Col3></row><row><Col1 name='欄位1'>940</Col1><Col2 name='欄位2'>屏東縣枋寮鄉</Col2><Col3 name='欄位3'>Fangliao Township, Pingtung County</Col3></row><row><Col1 name='欄位1'>941</Col1><Col2 name='欄位2'>屏東縣枋山鄉</Col2><Col3 name='欄位3'>Fangshan Township, Pingtung County</Col3></row><row><Col1 name='欄位1'>942</Col1><Col2 name='欄位2'>屏東縣春日鄉</Col2><Col3 name='欄位3'>Chunri Township, Pingtung County</Col3></row><row><Col1 name='欄位1'>943</Col1><Col2 name='欄位2'>屏東縣獅子鄉</Col2><Col3 name='欄位3'>Shizi Township, Pingtung County</Col3></row><row><Col1 name='欄位1'>944</Col1><Col2 name='欄位2'>屏東縣車城鄉</Col2><Col3 name='欄位3'>Checheng Township, Pingtung County</Col3></row><row><Col1 name='欄位1'>945</Col1><Col2 name='欄位2'>屏東縣牡丹鄉</Col2><Col3 name='欄位3'>Mudan Township, Pingtung County</Col3></row><row><Col1 name='欄位1'>946</Col1><Col2 name='欄位2'>屏東縣恆春鎮</Col2><Col3 name='欄位3'>Hengchun Township, Pingtung County</Col3></row><row><Col1 name='欄位1'>947</Col1><Col2 name='欄位2'>屏東縣滿州鄉</Col2><Col3 name='欄位3'>Manzhou Township, Pingtung County</Col3></row><row><Col1 name='欄位1'>950</Col1><Col2 name='欄位2'>臺東縣臺東市</Col2><Col3 name='欄位3'>Taitung City, Taitung County</Col3></row><row><Col1 name='欄位1'>951</Col1><Col2 name='欄位2'>臺東縣綠島鄉</Col2><Col3 name='欄位3'>Ludao Township, Taitung County</Col3></row><row><Col1 name='欄位1'>952</Col1><Col2 name='欄位2'>臺東縣蘭嶼鄉</Col2><Col3 name='欄位3'>Lanyu Township, Taitung County</Col3></row><row><Col1 name='欄位1'>953</Col1><Col2 name='欄位2'>臺東縣延平鄉</Col2><Col3 name='欄位3'>Yanping Township, Taitung County</Col3></row><row><Col1 name='欄位1'>954</Col1><Col2 name='欄位2'>臺東縣卑南鄉</Col2><Col3 name='欄位3'>Beinan Township, Taitung County</Col3></row><row><Col1 name='欄位1'>955</Col1><Col2 name='欄位2'>臺東縣鹿野鄉</Col2><Col3 name='欄位3'>Luye Township, Taitung County</Col3></row><row><Col1 name='欄位1'>956</Col1><Col2 name='欄位2'>臺東縣關山鎮</Col2><Col3 name='欄位3'>Guanshan Township, Taitung County</Col3></row><row><Col1 name='欄位1'>957</Col1><Col2 name='欄位2'>臺東縣海端鄉</Col2><Col3 name='欄位3'>Haiduan Township, Taitung County</Col3></row><row><Col1 name='欄位1'>958</Col1><Col2 name='欄位2'>臺東縣池上鄉</Col2><Col3 name='欄位3'>Chishang Township, Taitung County</Col3></row><row><Col1 name='欄位1'>959</Col1><Col2 name='欄位2'>臺東縣東河鄉</Col2><Col3 name='欄位3'>Donghe Township, Taitung County</Col3></row><row><Col1 name='欄位1'>961</Col1><Col2 name='欄位2'>臺東縣成功鎮</Col2><Col3 name='欄位3'>Chenggong Township, Taitung County</Col3></row><row><Col1 name='欄位1'>962</Col1><Col2 name='欄位2'>臺東縣長濱鄉</Col2><Col3 name='欄位3'>Changbin Township, Taitung County</Col3></row><row><Col1 name='欄位1'>963</Col1><Col2 name='欄位2'>臺東縣太麻里鄉</Col2><Col3 name='欄位3'>Taimali Township, Taitung County</Col3></row><row><Col1 name='欄位1'>964</Col1><Col2 name='欄位2'>臺東縣金峰鄉</Col2><Col3 name='欄位3'>Jinfeng Township, Taitung County</Col3></row><row><Col1 name='欄位1'>965</Col1><Col2 name='欄位2'>臺東縣大武鄉</Col2><Col3 name='欄位3'>Dawu Township, Taitung County</Col3></row><row><Col1 name='欄位1'>966</Col1><Col2 name='欄位2'>臺東縣達仁鄉</Col2><Col3 name='欄位3'>Daren Township, Taitung County</Col3></row><row><Col1 name='欄位1'>970</Col1><Col2 name='欄位2'>花蓮縣花蓮市</Col2><Col3 name='欄位3'>Hualien City, Hualien County</Col3></row><row><Col1 name='欄位1'>971</Col1><Col2 name='欄位2'>花蓮縣新城鄉</Col2><Col3 name='欄位3'>Xincheng Township, Hualien County</Col3></row><row><Col1 name='欄位1'>972</Col1><Col2 name='欄位2'>花蓮縣秀林鄉</Col2><Col3 name='欄位3'>Xiulin Township, Hualien County</Col3></row><row><Col1 name='欄位1'>973</Col1><Col2 name='欄位2'>花蓮縣吉安鄉</Col2><Col3 name='欄位3'>Ji’an Township, Hualien County</Col3></row><row><Col1 name='欄位1'>974</Col1><Col2 name='欄位2'>花蓮縣壽豐鄉</Col2><Col3 name='欄位3'>Shoufeng Township, Hualien County</Col3></row><row><Col1 name='欄位1'>975</Col1><Col2 name='欄位2'>花蓮縣鳳林鎮</Col2><Col3 name='欄位3'>Fenglin Township, Hualien County</Col3></row><row><Col1 name='欄位1'>976</Col1><Col2 name='欄位2'>花蓮縣光復鄉</Col2><Col3 name='欄位3'>Guangfu Township, Hualien County</Col3></row><row><Col1 name='欄位1'>977</Col1><Col2 name='欄位2'>花蓮縣豐濱鄉</Col2><Col3 name='欄位3'>Fengbin Township, Hualien County</Col3></row><row><Col1 name='欄位1'>978</Col1><Col2 name='欄位2'>花蓮縣瑞穗鄉</Col2><Col3 name='欄位3'>Ruisui Township, Hualien County</Col3></row><row><Col1 name='欄位1'>979</Col1><Col2 name='欄位2'>花蓮縣萬榮鄉</Col2><Col3 name='欄位3'>Wanrong Township, Hualien County</Col3></row><row><Col1 name='欄位1'>981</Col1><Col2 name='欄位2'>花蓮縣玉里鎮</Col2><Col3 name='欄位3'>Yuli Township, Hualien County</Col3></row><row><Col1 name='欄位1'>982</Col1><Col2 name='欄位2'>花蓮縣卓溪鄉</Col2><Col3 name='欄位3'>Zhuoxi Township, Hualien County</Col3></row><row><Col1 name='欄位1'>983</Col1><Col2 name='欄位2'>花蓮縣富里鄉</Col2><Col3 name='欄位3'>Fuli Township, Hualien County</Col3></row></table>